file,main,main_x,main_y,left,left_x,left_y,right,right_x,right_y
1-30-1280x720.mp4,1,770,110,0,0,0,0,0,0
10-60-1280x720.mp4,1,550,290,0,0,0,1,920,200
100-29-1080x1920.mp4,1,530,700,0,0,0,0,0,0
101-30-1080x1920.mp4,1,430,700,0,0,0,0,0,0
102-30-640x360.mp4,1,320,160,0,0,0,0,0,0
102.avi,1,220,130,0,0,0,0,0,0
103-30-384x480.mp4,1,190,170,0,0,0,0,0,0
103.avi,1,260,130,0,0,0,0,0,0
104-17-720x480.mp4,1,400,210,0,0,0,0,0,0
105-30-1280x720.mp4,1,700,380,0,0,0,0,0,0
105.avi,1,370,170,0,0,0,0,0,0
106-30-720x1280.mp4,1,340,320,0,0,0,0,0,0
106.avi,1,220,160,0,0,0,0,0,0
107-30-640x480.mp4,1,370,280,0,0,0,0,0,0
107.avi,1,350,190,0,0,0,0,0,0
108-15-640x480.mp4,1,330,280,0,0,0,0,0,0
108.avi,1,330,90,0,0,0,0,0,0
109-30-1280x720.mp4,1,610,300,0,0,0,0,0,0
11-24-1920x1080.mp4,1,980,260,0,0,0,0,0,0
110-30-270x480.mp4,1,140,220,0,0,0,0,0,0
110.avi,1,190,200,0,0,0,0,0,0
111-25-1920x1080.mp4,1,1170,600,0,0,0,0,0,0
111.avi,1,340,160,0,0,0,0,0,0
112-30-640x360.mp4,1,310,80,0,0,0,0,0,0
112.avi,1,320,140,0,0,0,0,0,0
113-60-1280x720.mp4,1,630,270,0,0,0,0,0,0
113.avi,1,250,110,0,0,0,0,0,0
114-30-1280x720.mp4,1,710,320,0,0,0,0,0,0
114.avi,1,330,140,0,0,0,0,0,0
115-30-1280x720.mp4,1,720,250,0,0,0,0,0,0
116-30-1280x720.mp4,1,720,200,0,0,0,0,0,0
116.avi,1,320,80,0,0,0,0,0,0
117-25-1920x1080.mp4,1,970,270,0,0,0,0,0,0
117.avi,1,290,130,0,0,0,0,0,0
118-30-640x480.mp4,1,410,130,0,0,0,0,0,0
118.avi,1,300,180,0,0,0,0,0,0
119-30-848x480.mp4,1,480,150,0,0,0,0,0,0
119.avi,1,340,170,0,0,0,0,0,0
12-24-1920x1080.mp4,1,1070,480,0,0,0,0,0,0
120-30-1280x720.mp4,1,640,180,0,0,0,0,0,0
120.avi,1,290,200,0,0,0,0,0,0
121-24-1920x1080.mp4,1,1490,400,0,0,0,0,0,0
121.avi,1,110,140,0,0,0,0,0,0
122-60-1920x1080-1.mp4,1,240,150,0,0,0,0,0,0
122-60-1920x1080-2.mp4,1,240,170,0,0,0,0,0,0
122-60-1920x1080-3.mp4,1,240,210,0,0,0,0,0,0
122-60-1920x1080-4.mp4,1,240,190,0,0,0,0,0,0
122-60-1920x1080-5.mp4,1,220,190,0,0,0,0,0,0
122.avi,1,540,130,0,0,0,0,0,0
123-25-1920x1080.mp4,1,1010,350,0,0,0,0,0,0
123.avi,1,210,180,0,0,0,0,0,0
124-30-720x1280.mp4,1,410,610,0,0,0,0,0,0
125-25-1280x720.mp4,1,760,450,0,0,0,0,0,0
125.avi,1,390,170,0,0,0,0,0,0
126-30-1080x1920.mp4,1,480,480,0,0,0,0,0,0
126.avi,1,290,170,0,0,0,0,0,0
127-30-1280x720.mp4,1,420,400,0,0,0,0,0,0
127.avi,1,370,160,0,0,0,0,0,0
128-24-1920x1080.mp4,1,890,470,0,0,0,0,0,0
128.avi,1,210,160,0,0,0,0,0,0
129-24-1280x720.mp4,1,310,180,0,0,0,0,0,0
129.avi,1,170,90,0,0,0,0,0,0
13-30-1920x1080.mp4,1,1160,470,0,0,0,0,0,0
130-25-1280x720.mp4,0,0,0,1,550,400,1,880,280
130.avi,1,280,150,0,0,0,0,0,0
131-30-1920x1080.mp4,1,440,480,0,0,0,0,0,0
131.avi,1,230,160,0,0,0,0,0,0
132-30-426x240.mp4,1,230,90,0,0,0,0,0,0
132.avi,1,380,140,0,0,0,0,0,0
133-30-1280x720.mp4,1,580,300,0,0,0,0,0,0
133.avi,1,350,150,0,0,0,0,0,0
134-30-1280x720.mp4,1,400,320,0,0,0,0,0,0
134.avi,1,300,110,0,0,0,0,0,0
135-24-1920x1080.mp4,0,0,0,1,790,420,1,1240,330
135.avi,1,90,90,0,0,0,0,0,0
136-30-1920x1080.mp4,1,920,540,0,0,0,0,0,0
136.avi,1,370,210,0,0,0,0,0,0
137-30-1920x1080.mp4,1,1490,520,0,0,0,0,0,0
137.avi,1,380,80,0,0,0,0,0,0
138-30-1280x720.mp4,1,1020,300,0,0,0,0,0,0
138.avi,1,310,190,0,0,0,0,0,0
139-14-720x480.mp4,1,360,250,0,0,0,0,0,0
139.avi,1,300,90,0,0,0,0,0,0
14-30-1920x1080.mp4,1,1020,350,0,0,0,0,0,0
140-30-632x360.mp4,1,280,120,0,0,0,0,0,0
140.avi,1,320,120,0,0,0,0,0,0
141.avi,1,390,110,0,0,0,0,0,0
143.avi,1,330,140,0,0,0,0,0,0
144.avi,1,410,120,0,0,0,0,0,0
146.avi,1,240,140,0,0,0,0,0,0
147.avi,1,340,200,0,0,0,0,0,0
148.avi,1,360,130,0,0,0,0,0,0
149.avi,1,360,200,0,0,0,0,0,0
15-24-1920x1080.mp4,1,970,410,0,0,0,0,0,0
150.avi,1,300,150,0,0,0,0,0,0
151.avi,1,230,100,0,0,0,0,0,0
153.avi,1,380,130,0,0,0,0,0,0
154.avi,1,400,150,0,0,0,0,0,0
155.avi,1,330,180,0,0,0,0,0,0
156.avi,1,210,90,0,0,0,0,0,0
157.avi,1,380,260,0,0,0,0,0,0
158.avi,1,330,220,0,0,0,0,0,0
159.avi,1,250,140,0,0,0,0,0,0
16-30-1920x1080.mp4,1,1010,430,0,0,0,0,0,0
160.avi,1,230,140,0,0,0,0,0,0
161.avi,1,230,130,0,0,0,0,0,0
162.avi,1,260,140,0,0,0,0,0,0
163.avi,1,360,160,0,0,0,0,0,0
164.avi,1,220,150,0,0,0,0,0,0
165.avi,1,230,130,0,0,0,0,0,0
166.avi,1,410,130,0,0,0,0,0,0
167.avi,1,540,110,0,0,0,0,0,0
168.avi,1,150,180,0,0,0,0,0,0
169.avi,1,390,140,0,0,0,0,0,0
17-24-1920x1080.mp4,1,950,390,0,0,0,0,0,0
171.avi,1,200,220,0,0,0,0,0,0
172.avi,1,350,150,0,0,0,0,0,0
175.avi,1,550,110,0,0,0,0,0,0
176.avi,1,170,180,0,0,0,0,0,0
177.avi,1,430,130,0,0,0,0,0,0
178.avi,1,160,180,0,0,0,0,0,0
179.avi,1,150,190,0,0,0,0,0,0
18-24-1920x1080.mp4,1,1150,270,0,0,0,0,0,0
181.avi,1,170,180,0,0,0,0,0,0
182.avi,1,330,150,0,0,0,0,0,0
183.avi,1,170,190,0,0,0,0,0,0
184.avi,1,340,150,0,0,0,0,0,0
185.avi,1,370,140,0,0,0,0,0,0
186.avi,1,550,130,0,0,0,0,0,0
187.avi,1,140,150,0,0,0,0,0,0
188.avi,1,320,130,0,0,0,0,0,0
189.avi,1,290,120,0,0,0,0,0,0
19-24-1920x1080.mp4,1,930,370,0,0,0,0,0,0
190.avi,1,340,140,0,0,0,0,0,0
191.avi,1,290,140,0,0,0,0,0,0
192.avi,1,540,110,0,0,0,0,0,0
193.avi,1,300,160,0,0,0,0,0,0
194.avi,1,420,200,0,0,0,0,0,0
195.avi,1,150,140,0,0,0,0,0,0
196.avi,1,190,130,0,0,0,0,0,0
197.avi,1,340,190,0,0,0,0,0,0
198.avi,1,450,150,0,0,0,0,0,0
199.avi,1,310,190,0,0,0,0,0,0
2-30-640x360.mp4,1,322,128,0,0,0,0,0,0
20-24-1920x1080.mp4,1,950,360,0,0,0,0,0,0
200.avi,1,280,130,0,0,0,0,0,0
201.mp4,1,180,150,0,0,0,0,0,0
202.mp4,1,180,120,0,0,0,0,0,0
203.mp4,1,310,100,0,0,0,0,0,0
204.mp4,1,280,100,0,0,0,0,0,0
206.mp4,1,310,140,0,0,0,0,0,0
207.mp4,1,310,180,0,0,0,0,0,0
208.mp4,1,130,80,0,0,0,0,0,0
209.mp4,1,390,150,0,0,0,0,0,0
21-24-1920x1080.mp4,1,870,230,0,0,0,0,0,0
210.mp4,1,340,100,0,0,0,0,0,0
211.mp4,1,340,100,0,0,0,0,0,0
212.mp4,1,230,140,0,0,0,0,0,0
213.mp4,1,370,120,0,0,0,0,0,0
214.mp4,1,220,100,0,0,0,0,0,0
215.mp4,1,260,110,0,0,0,0,0,0
216.mp4,1,310,120,0,0,0,0,0,0
218.mp4,1,240,150,0,0,0,0,0,0
219.mp4,1,320,110,0,0,0,0,0,0
22-30-1920x1080.mp4,1,1300,190,0,0,0,0,0,0
220.mp4,1,250,70,0,0,0,0,0,0
221.mp4,1,110,150,0,0,0,0,0,0
223.mp4,1,330,110,0,0,0,0,0,0
224.mp4,1,260,190,0,0,0,0,0,0
225.mp4,1,270,90,0,0,0,0,0,0
226.mp4,1,100,130,0,0,0,0,0,0
227.mp4,1,140,220,0,0,0,0,0,0
228.mp4,1,300,150,0,0,0,0,0,0
229.mp4,1,290,160,0,0,0,0,0,0
23-24-1920x1080.mp4,1,1030,350,0,0,0,0,0,0
230.mp4,1,300,140,0,0,0,0,0,0
231.mp4,1,300,160,0,0,0,0,0,0
232.mp4,1,360,150,0,0,0,0,0,0
233.mp4,1,340,210,0,0,0,0,0,0
234.mp4,1,330,130,0,0,0,0,0,0
235.mp4,1,440,180,0,0,0,0,0,0
236.mp4,1,480,180,0,0,0,0,0,0
237.mp4,1,470,190,0,0,0,0,0,0
238.mp4,1,150,110,0,0,0,0,0,0
239.mp4,1,130,200,0,0,0,0,0,0
24-30-1920x1080-1.mp4,1,980,300,0,0,0,0,0,0
24-30-1920x1080-2.mp4,1,840,280,0,0,0,0,0,0
240.mp4,1,320,160,0,0,0,0,0,0
241.mp4,1,360,200,0,0,0,0,0,0
242.mp4,1,90,130,0,0,0,0,0,0
243.mp4,1,450,190,0,0,0,0,0,0
244.mp4,1,240,180,0,0,0,0,0,0
245.mp4,1,230,140,0,0,0,0,0,0
246.mp4,1,540,130,0,0,0,0,0,0
247.mp4,1,230,120,0,0,0,0,0,0
248.mp4,1,310,130,0,0,0,0,0,0
249.mp4,1,250,170,0,0,0,0,0,0
25-25-600x480.mp4,1,370,270,0,0,0,0,0,0
250.mp4,1,220,120,0,0,0,0,0,0
251.mp4,1,510,140,0,0,0,0,0,0
252.mp4,1,370,150,0,0,0,0,0,0
253.mp4,1,440,240,0,0,0,0,0,0
254.mp4,1,480,120,0,0,0,0,0,0
255.mp4,1,180,180,0,0,0,0,0,0
256.mp4,1,500,130,0,0,0,0,0,0
257.mp4,1,300,130,0,0,0,0,0,0
258.mp4,1,350,110,0,0,0,0,0,0
259.mp4,1,300,230,0,0,0,0,0,0
26-60-1280x720.mp4,1,670,230,0,0,0,0,0,0
260.mp4,1,280,130,0,0,0,0,0,0
261.mp4,1,310,160,0,0,0,0,0,0
262.mp4,1,260,160,0,0,0,0,0,0
264.mp4,1,280,130,0,0,0,0,0,0
265.mp4,1,280,130,0,0,0,0,0,0
266.mp4,1,180,130,0,0,0,0,0,0
267.mp4,1,400,190,0,0,0,0,0,0
268.mp4,1,220,160,0,0,0,0,0,0
269.mp4,1,150,130,0,0,0,0,0,0
27-60-1280x720.mp4,1,690,200,0,0,0,0,0,0
270.mp4,1,350,170,0,0,0,0,0,0
271.mp4,1,350,200,0,0,0,0,0,0
272.mp4,1,500,180,0,0,0,0,0,0
273.mp4,1,350,210,0,0,0,0,0,0
274.mp4,1,390,150,0,0,0,0,0,0
275.mp4,1,290,160,0,0,0,0,0,0
276.mp4,1,360,150,0,0,0,0,0,0
277.mp4,1,170,230,0,0,0,0,0,0
278.mp4,1,310,200,0,0,0,0,0,0
279.mp4,1,170,120,0,0,0,0,0,0
28-30-1280x720-1.mp4,1,620,240,0,0,0,0,0,0
28-30-1280x720-2.mp4,1,590,240,0,0,0,0,0,0
28-30-1280x720-3.mp4,1,610,280,0,0,0,0,0,0
28-30-1280x720-4.mp4,1,590,290,0,0,0,0,0,0
280.mp4,1,350,150,0,0,0,0,0,0
281.mp4,1,260,170,0,0,0,0,0,0
282.mp4,1,330,120,0,0,0,0,0,0
283.mp4,1,330,190,0,0,0,0,0,0
284.mp4,1,380,150,0,0,0,0,0,0
285.mp4,1,320,190,0,0,0,0,0,0
286.mp4,1,280,120,0,0,0,0,0,0
287.mp4,1,260,140,0,0,0,0,0,0
288.mp4,1,240,150,0,0,0,0,0,0
289.mp4,1,470,190,0,0,0,0,0,0
29-24-1280x720.mp4,1,760,360,0,0,0,0,0,0
290.mp4,1,330,150,0,0,0,0,0,0
291.mp4,1,280,130,0,0,0,0,0,0
292.mp4,1,190,140,0,0,0,0,0,0
293.mp4,1,330,220,0,0,0,0,0,0
294.mp4,1,240,160,0,0,0,0,0,0
295.mp4,1,370,170,0,0,0,0,0,0
296.mp4,1,200,140,0,0,0,0,0,0
297.mp4,1,350,90,0,0,0,0,0,0
298.mp4,1,350,120,0,0,0,0,0,0
299.mp4,1,330,130,0,0,0,0,0,0
3-25-1920x1080.mp4,1,950,350,0,0,0,0,0,0
30-30-1920x1080.mp4,0,0,0,1,620,310,1,1380,300
303.mp4,1,220,180,0,0,0,0,0,0
304.mp4,1,300,120,0,0,0,0,0,0
305.mp4,1,200,90,0,0,0,0,0,0
306.mp4,1,450,180,0,0,0,0,0,0
307.mp4,1,380,170,0,0,0,0,0,0
308.mp4,1,310,120,0,0,0,0,0,0
309.mp4,1,500,190,0,0,0,0,0,0
31-30-1920x1080.mp4,1,1220,300,0,0,0,0,0,0
311.mp4,1,420,200,0,0,0,0,0,0
312.mp4,1,430,140,0,0,0,0,0,0
313.mp4,1,360,150,0,0,0,0,0,0
314.mp4,1,280,160,0,0,0,0,0,0
315.mp4,1,300,110,0,0,0,0,0,0
317.mp4,1,320,210,0,0,0,0,0,0
318.mp4,1,430,50,0,0,0,0,0,0
319.mp4,1,540,140,0,0,0,0,0,0
32-60-1920x1080.mp4,1,830,600,0,0,0,0,0,0
320.mp4,1,350,200,0,0,0,0,0,0
321.mp4,1,380,150,0,0,0,0,0,0
322.mp4,1,180,210,0,0,0,0,0,0
323.mp4,1,340,180,0,0,0,0,0,0
324.mp4,1,360,120,0,0,0,0,0,0
325.mp4,1,340,130,0,0,0,0,0,0
326.mp4,1,510,160,0,0,0,0,0,0
327.mp4,1,170,130,0,0,0,0,0,0
328.mp4,1,480,140,0,0,0,0,0,0
329.mp4,1,240,150,0,0,0,0,0,0
33-30-1920x1080.mp4,1,1230,180,0,0,0,0,0,0
330.mp4,1,360,180,0,0,0,0,0,0
331.mp4,1,270,170,0,0,0,0,0,0
332.mp4,1,370,140,0,0,0,0,0,0
334.mp4,1,350,150,0,0,0,0,0,0
335.mp4,1,260,180,0,0,0,0,0,0
336.mp4,1,390,200,0,0,0,0,0,0
337.mp4,1,220,120,0,0,0,0,0,0
339.mp4,1,320,130,0,0,0,0,0,0
34-25-1920x1080.mp4,1,810,540,0,0,0,0,0,0
341.mp4,1,380,100,0,0,0,0,0,0
344.mp4,1,180,100,0,0,0,0,0,0
345.mp4,1,300,150,0,0,0,0,0,0
346.mp4,1,220,110,0,0,0,0,0,0
347.mp4,1,360,150,0,0,0,0,0,0
348.mp4,1,270,160,0,0,0,0,0,0
349.mp4,1,180,140,0,0,0,0,0,0
35-30-1920x1080.mp4,1,950,430,0,0,0,0,0,0
350.mp4,1,290,120,0,0,0,0,0,0
353.mp4,1,230,200,0,0,0,0,0,0
354.mp4,1,370,170,0,0,0,0,0,0
355.mp4,1,450,220,0,0,0,0,0,0
357.mp4,1,330,170,0,0,0,0,0,0
358.mp4,1,350,170,0,0,0,0,0,0
359.mp4,1,250,180,0,0,0,0,0,0
36-24-1280x720.mp4,1,680,370,0,0,0,0,0,0
360.mp4,1,100,90,0,0,0,0,0,0
361.mp4,1,140,200,0,0,0,0,0,0
362.mp4,1,390,230,0,0,0,0,0,0
363.mp4,1,360,120,0,0,0,0,0,0
364.mp4,1,130,240,0,0,0,0,0,0
365.mp4,1,350,170,0,0,0,0,0,0
367.mp4,1,330,160,0,0,0,0,0,0
368.mp4,1,240,140,0,0,0,0,0,0
369.mp4,1,310,160,0,0,0,0,0,0
37-30-1280x720.mp4,1,640,200,0,0,0,0,0,0
370.mp4,1,210,140,0,0,0,0,0,0
371.mp4,1,250,150,0,0,0,0,0,0
372.mp4,1,240,130,0,0,0,0,0,0
373.mp4,1,260,220,0,0,0,0,0,0
374.mp4,1,300,160,0,0,0,0,0,0
375.mp4,1,200,90,0,0,0,0,0,0
376.mp4,1,280,130,0,0,0,0,0,0
377.mp4,1,260,190,0,0,0,0,0,0
378.mp4,1,300,150,0,0,0,0,0,0
38-30-1920x1080.mp4,1,880,280,0,0,0,0,0,0
380.mp4,1,200,70,0,0,0,0,0,0
381.mp4,1,320,120,0,0,0,0,0,0
382.mp4,1,430,200,0,0,0,0,0,0
383.mp4,1,210,160,0,0,0,0,0,0
384.mp4,1,330,160,0,0,0,0,0,0
385.mp4,1,300,180,0,0,0,0,0,0
386.mp4,1,300,260,0,0,0,0,0,0
387.mp4,1,260,100,0,0,0,0,0,0
388.mp4,1,370,200,0,0,0,0,0,0
389.mp4,1,240,170,0,0,0,0,0,0
39-25-424x240.mp4,1,210,130,0,0,0,0,0,0
391.mp4,1,280,140,0,0,0,0,0,0
392.mp4,1,190,200,0,0,0,0,0,0
393.mp4,1,160,170,0,0,0,0,0,0
394.mp4,1,420,120,0,0,0,0,0,0
395.mp4,1,330,160,0,0,0,0,0,0
398.mp4,1,450,200,0,0,0,0,0,0
399.mp4,1,190,100,0,0,0,0,0,0
4-30-1920x1080.mp4,1,920,330,0,0,0,0,0,0
40-30-1280x720.mp4,1,580,290,0,0,0,0,0,0
400.mp4,1,340,180,0,0,0,0,0,0
402.mp4,1,250,150,0,0,0,0,0,0
403.mp4,1,250,80,0,0,0,0,0,0
406.mp4,1,350,100,0,0,0,0,0,0
407.mp4,1,250,90,0,0,0,0,0,0
408.mp4,1,170,130,0,0,0,0,0,0
409.mp4,1,340,150,0,0,0,0,0,0
41-24-1280x720.mp4,1,720,250,0,0,0,0,0,0
412.mp4,1,210,190,0,0,0,0,0,0
415.mp4,1,250,150,0,0,0,0,0,0
416.mp4,1,260,140,0,0,0,0,0,0
418.mp4,1,280,220,0,0,0,0,0,0
419.mp4,1,160,120,0,0,0,0,0,0
42-30-480x480.mp4,1,210,140,0,0,0,0,0,0
420.mp4,1,310,150,0,0,0,0,0,0
421.mp4,1,340,150,0,0,0,0,0,0
423.mp4,1,420,80,0,0,0,0,0,0
424.mp4,1,280,110,0,0,0,0,0,0
425.mp4,1,340,200,0,0,0,0,0,0
426.mp4,1,100,120,0,0,0,0,0,0
427.mp4,1,410,140,0,0,0,0,0,0
428.mp4,1,450,100,0,0,0,0,0,0
429.mp4,1,180,250,0,0,0,0,0,0
43-30-406x720.mp4,1,200,420,0,0,0,0,0,0
430.mp4,1,210,140,0,0,0,0,0,0
433.mp4,1,240,160,0,0,0,0,0,0
434.mp4,1,290,120,0,0,0,0,0,0
435.mp4,1,360,240,0,0,0,0,0,0
439.mp4,1,300,140,0,0,0,0,0,0
44-25-426x240.mp4,1,230,130,0,0,0,0,0,0
440.mp4,1,460,240,0,0,0,0,0,0
441.mp4,1,290,190,0,0,0,0,0,0
446.mp4,1,210,240,0,0,0,0,0,0
447.mp4,1,260,90,0,0,0,0,0,0
448.mp4,1,190,150,0,0,0,0,0,0
449.mp4,1,460,190,0,0,0,0,0,0
45-24-1280x720.mp4,1,660,380,0,0,0,0,0,0
450.mp4,1,340,190,0,0,0,0,0,0
46-30-484x360.mp4,0,0,0,1,100,200,1,380,180
47-30-654x480.mp4,1,310,150,0,0,0,0,0,0
48-30-720x1280.mp4,1,220,450,0,0,0,0,0,0
49-30-1280x720.mp4,0,0,0,1,380,200,1,670,380
5-60-1920x1080-1.mp4,1,270,210,0,0,0,0,0,0
5-60-1920x1080-2.mp4,1,240,190,0,0,0,0,0,0
5-60-1920x1080-3.mp4,1,240,180,0,0,0,0,0,0
5-60-1920x1080-4.mp4,1,260,230,0,0,0,0,0,0
50-30-1920x1080.mp4,1,750,560,0,0,0,0,0,0
51-30-1280x720.mp4,1,460,370,0,0,0,0,0,0
52-30-1280x720.mp4,0,0,0,1,390,310,1,880,340
53-30-360x480.mp4,1,210,190,0,0,0,0,0,0
54-30-1080x1920.mp4,1,280,510,0,0,0,0,0,0
55-25-1280x720.mp4,1,660,280,0,0,0,0,0,0
56-30-1080x1920.mp4,1,670,630,0,0,0,0,0,0
57-25-426x240.mp4,1,170,120,0,0,0,0,0,0
58-30-640x480.mp4,1,290,270,0,0,0,0,0,0
59-30-1280x720.mp4,1,600,210,0,0,0,0,0,0
6-30-1920x1080.mp4,0,0,0,1,600,320,1,1410,600
60-30-1920x1080.mp4,1,960,360,0,0,0,0,0,0
61-24-1920x1080.mp4,1,770,330,0,0,0,0,0,0
62-30-654x480.mp4,1,330,190,0,0,0,0,0,0
63-30-1920x1080.mp4,1,900,430,0,0,0,0,0,0
64-24-640x360.mp4,1,340,190,0,0,0,0,0,0
65-30-400x228.mp4,1,180,120,0,0,0,0,0,0
66-25-1080x1920.mp4,1,520,520,0,0,0,0,0,0
67-24-640x360.mp4,1,280,140,0,0,0,0,0,0
68-24-1920x1080.mp4,1,880,500,0,0,0,0,0,0
69-25-854x480.mp4,1,400,150,0,0,0,0,0,0
7-60-1920x1080.mp4,1,1280,360,0,0,0,0,0,0
70-30-720x1280.mp4,1,410,550,0,0,0,0,0,0
71-30-1920x1080.mp4,1,990,610,0,0,0,0,0,0
72-30-1280x720.mp4,1,390,370,0,0,0,0,0,0
74-25-1920x1080.mp4,1,1010,390,0,0,0,0,0,0
75-30-960x720.mp4,1,470,260,0,0,0,0,0,0
76-30-640x280.mp4,1,300,100,0,0,0,0,0,0
77-30-1280x720.mp4,1,440,180,0,0,0,0,0,0
78-30-960x720.mp4,1,450,440,0,0,0,0,0,0
79-30-960x720.mp4,1,430,380,0,0,0,0,0,0
8-30-1280x720.mp4,1,380,420,0,0,0,0,0,0
80-30-320x240.mp4,1,170,120,0,0,0,0,0,0
81-30-576x360.mp4,1,290,140,0,0,0,0,0,0
82-25-854x480.mp4,1,440,180,0,0,0,0,0,0
83-24-1920x1080.mp4,1,970,390,0,0,0,0,0,0
84-30-1920x1080.mp4,1,700,330,0,0,0,0,0,0
85-24-1280x720.mp4,1,380,380,0,0,0,0,0,0
86-24-1920x1080.mp4,1,650,420,0,0,0,0,0,0
87-25-1920x1080.mp4,1,1160,490,0,0,0,0,0,0
88-30-360x480.mp4,1,160,210,0,0,0,0,0,0
89-30-1080x1920.mp4,1,550,830,0,0,0,0,0,0
9-15-1920x1080.mp4,1,910,400,0,0,0,0,0,0
90-30-1080x1920.mp4,1,530,890,0,0,0,0,0,0
91-30-1920x1080.mp4,1,1110,340,0,0,0,0,0,0
92-24-1920x1080.mp4,1,1000,590,0,0,0,0,0,0
93-24-640x360.mp4,1,340,150,0,0,0,0,0,0
94-30-1920x1080.mp4,1,820,450,0,0,0,0,0,0
95-24-1920x1080.mp4,1,1240,230,0,0,0,0,0,0
96-30-1280x720.mp4,1,680,290,0,0,0,0,0,0
97-29-1920x1080.mp4,1,1110,450,0,0,0,0,0,0
98-30-360x360.mp4,1,210,150,0,0,0,0,0,0
99-30-720x720.mp4,1,430,300,0,0,0,0,0,0
video1.mp4,1,600,150,0,0,0,0,0,0
video10_1.mp4,0,0,0,1,370,320,1,880,300
video11.mp4,1,920,310,0,0,0,0,0,0
video12.mp4,1,1350,460,0,0,0,0,0,0
video13.mp4,1,980,440,0,0,0,0,0,0
video14.mp4,1,660,280,0,0,0,0,0,0
video15.mp4,1,900,430,0,0,0,0,0,0
video16.mp4,1,560,240,0,0,0,0,0,0
video17.mp4,1,950,580,0,0,0,0,0,0
video18.mp4,1,1140,280,0,0,0,0,0,0
video19.mp4,1,670,370,0,0,0,0,0,0
video2.mp4,1,970,360,1,900,320,0,0,0
video20.mp4,1,660,350,0,0,0,0,0,0
video21.mp4,1,910,270,0,0,0,0,0,0
video22.mp4,1,820,380,0,0,0,0,0,0
video23.mp4,1,1140,450,0,0,0,0,0,0
video24.mp4,1,930,390,0,0,0,0,0,0
video25.mp4,1,610,330,0,0,0,0,0,0
video26.mp4,1,140,100,0,0,0,0,0,0
video27.mp4,1,1220,650,0,0,0,0,0,0
video28.mp4,1,650,290,0,0,0,0,0,0
video29.mp4,0,0,0,1,600,460,1,1210,510
video3.mp4,1,510,350,0,0,0,0,0,0
video30.mp4,1,510,290,0,0,0,0,0,0
video32.mp4,1,590,240,0,0,0,0,0,0
video33.mp4,1,830,470,0,0,0,0,0,0
video34.mp4,1,780,450,0,0,0,0,0,0
video35.mp4,1,680,290,0,0,0,0,0,0
video36.mp4,1,1040,440,0,0,0,0,0,0
video37.mp4,1,630,340,0,0,0,0,0,0
video38.mp4,1,630,350,0,0,0,0,0,0
video39.mp4,1,620,390,0,0,0,0,0,0
video4.mp4,1,680,190,0,0,0,0,0,0
video40.mp4,1,900,310,0,0,0,0,0,0
video41.mp4,1,360,200,0,0,0,0,0,0
video42.mp4,1,1360,440,0,0,0,0,0,0
video44.mp4,1,970,390,0,0,0,0,0,0
video45_1.mp4,1,1070,510,0,0,0,0,0,0
video45_2.mp4,1,1060,520,0,0,0,0,0,0
video45_3.mp4,1,1060,400,0,0,0,0,0,0
video45_4.mp4,1,1050,430,0,0,0,0,0,0
video45_5.mp4,1,1030,520,0,0,0,0,0,0
video45_6.mp4,1,1240,470,0,0,0,0,0,0
video45_7.mp4,1,1290,380,0,0,0,0,0,0
video46.mp4,1,340,160,0,0,0,0,0,0
video47.mp4,1,1850,1170,0,0,0,0,0,0
video48.mp4,1,700,300,0,0,0,0,0,0
video49.mp4,0,0,0,1,250,170,1,500,100
video5.mp4,0,0,0,1,350,230,1,910,210
video51.mp4,1,630,260,0,0,0,0,0,0
video52.mp4,1,930,430,0,0,0,0,0,0
video53.mp4,1,540,330,0,0,0,0,0,0
video54.mp4,1,620,340,0,0,0,0,0,0
video55.mp4,0,0,0,1,550,330,1,1330,210
video56.mp4,1,820,340,0,0,0,0,0,0
video57.mp4,1,660,280,0,0,0,0,0,0
video58.mp4,1,350,240,0,0,0,0,0,0
video59.mp4,1,580,420,0,0,0,1,1400,740
video6.mp4,1,960,440,0,0,0,0,0,0
video60.mp4,1,590,420,0,0,0,0,0,0
video61.mp4,1,830,490,0,0,0,0,0,0
video62.mp4,1,1350,310,0,0,0,0,0,0
video63.mp4,1,400,200,0,0,0,0,0,0
video64.mp4,1,1260,530,0,0,0,0,0,0
video65.mp4,1,620,310,0,0,0,0,0,0
video66.mp4,1,840,470,0,0,0,0,0,0
video67.mp4,1,1000,410,0,0,0,0,0,0
video69.mp4,1,1860,790,0,0,0,0,0,0
video7.mp4,1,2170,800,0,0,0,0,0,0
video70.mp4,1,510,220,0,0,0,0,0,0
video71.mp4,1,540,330,0,0,0,0,0,0
video72.mp4,1,930,620,0,0,0,0,0,0
video73.mp4,1,680,450,0,0,0,0,0,0
video74.mp4,0,0,0,1,420,400,1,1440,320
video75.mp4,1,530,240,0,0,0,0,0,0
video76.mp4,1,960,450,0,0,0,0,0,0
video77.mp4,1,630,310,0,0,0,0,0,0
video78.mp4,1,960,480,0,0,0,0,0,0
video79.mp4,1,620,500,0,0,0,0,0,0
video8.mp4,1,940,250,0,0,0,0,0,0
video80.mp4,1,590,350,0,0,0,0,0,0
video81.mp4,1,680,370,0,0,0,0,0,0
video82.mp4,1,760,330,0,0,0,0,0,0
video83.mp4,1,670,170,0,0,0,0,0,0
video84.mp4,1,630,320,0,0,0,0,0,0
video85.mp4,1,1160,550,0,0,0,0,0,0
video86_1.mp4,1,880,600,0,0,0,0,0,0
video86_2.mp4,1,940,500,0,0,0,0,0,0
video86_3.mp4,1,1000,620,0,0,0,0,0,0
video87.mp4,1,620,260,0,0,0,0,0,0
video88.mp4,1,1390,350,0,0,0,0,0,0
video89.mp4,1,680,390,0,0,0,0,0,0
video9.mp4,1,660,350,0,0,0,0,0,0
video90.mp4,1,650,400,0,0,0,0,0,0
video91.mp4,1,660,280,0,0,0,0,0,0
video92.mp4,1,930,340,0,0,0,0,0,0
video93.mp4,1,150,200,0,0,0,0,0,0
video94.mp4,1,1130,470,0,0,0,0,0,0
video95.mp4,1,860,220,0,0,0,0,0,0
video96.mp4,1,690,220,0,0,0,0,0,0
